Region,Period Begin,Period End,Avg Sale To List,Homes Sold,Inventory,Median Dom,Median List Price,months_of_supply,New Listings,Period Duration,Price Drops,Sold Above List
"Boston, MA",8/1/2012,8/31/2012,0.977589424,828,2010,92,389000,2.4,489,30,0.124378109,0.157004831
"Boston, MA",1/1/2016,1/31/2016,0.986486293,374,773,20,560000,2.1,503,30,0.179818887,0.288770053
"San Diego, CA",8/1/2013,8/31/2013,0.991780054,1628,3368,17,450000,2.1,1869,30,0.298693587,0.322679779
"Boston, MA",9/1/2012,9/30/2012,0.977535972,473,2085,95,437000,4.4,691,30,0.145323741,0.167372881
"Chicago, IL",12/1/2014,12/31/2014,0.970911712,2598,10706,73,179900,4.1,1855,30,0.148234635,0.210161663
"San Francisco, CA",3/1/2013,3/31/2013,1.069418659,525,593,14,829000,1.1,640,30,0.096121417,0.672380952
"Seattle, WA",6/1/2012,6/30/2012,0.992544101,932,2025,17,399000,2.2,1021,30,0.279012346,0.303648069
"Boston, MA",8/1/2014,8/31/2014,1.001517601,721,1657,68,479000,2.3,443,30,0.123717562,0.398058252
"Boston, MA",5/1/2012,5/31/2012,0.977087898,698,3132,83,409950,4.5,875,30,0.13761175,0.173352436
"Boston, MA",1/1/2018,1/31/2018,0.99049935,420,669,26,675000,1.6,419,30,0.155455904,0.288095238
"Boston, MA",3/1/2018,3/31/2018,1.011401873,439,743,12,737000,1.7,730,30,0.170928668,0.432801822
"San Diego, CA",11/1/2016,11/30/2016,0.979472261,1346,2243,26,545250,1.7,1052,30,0.227819884,0.190936107
"Boston, MA",5/1/2013,5/31/2013,0.999155102,708,2590,66,449950,3.7,995,30,0.101544402,0.384180791
"San Diego, CA",1/1/2018,1/31/2018,0.985449988,912,1718,25,629000,1.9,1405,30,0.215366705,0.251096491
"Chicago, IL",12/1/2012,12/31/2012,0.957523999,2327,11389,98,139900,4.9,1805,30,0.127491439,0.23291792
"San Jose, CA",3/1/2016,3/31/2016,1.041737653,676,986,15,799000,1.5,1041,30,0.126774848,0.75
"Boston, MA",2/1/2015,2/28/2015,0.981534079,269,1011,96,599450,3.8,382,30,0.074183976,0.234200743
"Washington, DC",9/1/2013,9/30/2013,0.997596976,629,1557,21,499900,2.5,1023,30,0.258188825,0.341812401
"Washington, DC",8/1/2014,8/31/2014,0.993659738,750,1453,19,420000,1.9,682,30,0.236751549,0.327540107
"San Francisco, CA",2/1/2016,2/29/2016,1.081616409,277,609,15,1189000,2.2,545,30,0.100164204,0.667870036
"San Diego, CA",6/1/2015,6/30/2015,0.982117902,1706,3226,22,508888,1.9,1937,30,0.260694358,0.208089097
"San Jose, CA",9/1/2013,9/30/2013,1.022659693,836,1276,15,599888,1.5,914,30,0.22492163,0.61722488
"Chicago, IL",7/1/2013,7/31/2013,0.988001912,3597,13038,65,229900,3.6,4197,30,0.180932658,0.321378927
"Los Angeles, CA",1/1/2013,1/31/2013,0.995082253,2058,4230,25,425000,2.1,2923,30,0.230969267,0.382896016
"Chicago, IL",3/1/2016,3/31/2016,0.980213927,2374,11748,79,289900,4.9,4829,30,0.165219612,0.268436578
"Boston, MA",5/1/2016,5/31/2016,1.00963219,599,973,9,599000,1.6,909,30,0.254881809,0.462437396
"Los Angeles, CA",1/1/2015,1/31/2015,0.985521764,1770,5561,41,550000,3.1,2992,30,0.200503507,0.261581921
"Boston, MA",4/1/2018,4/30/2018,1.01982175,485,1043,9,697000,2.2,1077,30,0.217641419,0.507216495
"Los Angeles, CA",7/1/2015,7/31/2015,0.999505723,2940,6495,23,585000,2.2,3596,30,0.246805235,0.391629806
"San Diego, CA",12/1/2014,12/31/2014,0.970817883,1236,2756,42,440000,2.2,807,30,0.183599419,0.153721683
"San Francisco, CA",6/1/2014,6/30/2014,1.101721165,512,641,15,899000,1.3,648,30,0.121684867,0.728515625
"Los Angeles, CA",3/1/2014,3/31/2014,0.998445299,2156,5766,24,539975,2.7,3445,30,0.228234478,0.368274583
"Boston, MA",7/1/2014,7/31/2014,1.008204556,732,2043,66,469000,2.8,608,30,0.132648067,0.446721311
"Seattle, WA",8/1/2014,8/31/2014,1.005341958,1011,1666,13,425000,1.6,1005,30,0.283913565,0.348170129
"Los Angeles, CA",4/1/2014,4/30/2014,0.995814377,2437,5880,22,539000,2.4,3416,30,0.254591837,0.382027082
"San Francisco, CA",2/1/2017,2/28/2017,1.076199632,294,716,23,1181500,2.4,488,30,0.100558659,0.646258503
"San Diego, CA",11/1/2015,11/30/2015,0.977153984,1055,2633,29,525000,2.5,1080,30,0.229775921,0.169668246
National,1/1/2013,1/31/2013,0.971336784,142131,626712,73,217400,4.4,194444,30,0.111805742,0.213174343
"Los Angeles, CA",6/1/2012,6/30/2012,0.989568231,3012,7469,36,375900,2.5,3239,30,0.191993573,0.354913679
National,4/1/2014,4/30/2014,0.97624739,205793,768785,59,261900,3.7,298352,30,0.159403474,0.20069406
"San Francisco, CA",9/1/2017,9/30/2017,1.098550299,373,964,24,1227500,2.6,850,30,0.117219917,0.699731903
"Boston, MA",4/1/2016,4/30/2016,1.009077738,488,950,9,599000,1.9,846,30,0.209473684,0.477459016
"Boston, MA",3/1/2016,3/31/2016,0.999190792,424,904,15,599900,2.1,884,30,0.196902655,0.373522459
"Chicago, IL",9/1/2012,9/30/2012,0.966363054,2316,14175,91,172000,6.1,3148,30,0.191675485,0.224956822
"Los Angeles, CA",1/1/2017,1/31/2017,0.992972056,1885,6056,53,650000,3.2,2654,30,0.138540291,0.341114058
"Boston, MA",9/1/2017,9/30/2017,1.002922228,492,1162,15,689000,2.4,911,30,0.277108434,0.430894309
"Chicago, IL",5/1/2014,5/31/2014,0.985539679,2847,12496,57,265000,4.4,4637,30,0.209106914,0.286266245
"San Diego, CA",10/1/2016,10/31/2016,0.981365101,1390,2456,27,525000,1.8,1308,30,0.271986971,0.202158273
"Los Angeles, CA",5/1/2014,5/31/2014,0.999628718,2635,6001,21,560000,2.3,3563,30,0.266455591,0.383301708
"Boston, MA",2/1/2016,2/29/2016,0.986182666,305,716,28,599000,2.3,509,30,0.210893855,0.282894737
"Boston, MA",6/1/2017,6/30/2017,1.026105655,817,1009,7,649000,1.2,895,30,0.281466799,0.620563035
"Los Angeles, CA",10/1/2016,10/31/2016,0.992963309,2374,7788,37,665000,3.3,2961,30,0.19324602,0.359730413
"Boston, MA",10/1/2015,10/31/2015,0.997679539,474,1142,12,559000,2.4,723,30,0.359019264,0.396624473
"San Francisco, CA",8/1/2016,8/31/2016,1.066389368,472,811,30,1097000,1.7,434,30,0.150431566,0.625
"Boston, MA",5/1/2014,5/31/2014,1.009193906,614,2371,61,479900,3.9,922,30,0.121467735,0.473941368
"San Diego, CA",11/1/2017,11/30/2017,0.987479693,1188,1973,21,575000,1.7,1155,30,0.25646224,0.256950295
"Los Angeles, CA",10/1/2012,10/31/2012,0.992318106,2879,5305,32,399000,1.8,2942,30,0.237134779,0.353370396
"Boston, MA",4/1/2012,4/30/2012,0.966840774,513,3138,93,419000,6.1,898,30,0.121414914,0.152046784
"San Francisco, CA",5/1/2014,5/31/2014,1.120679874,548,580,14,937000,1.1,704,30,0.146551724,0.815693431
"Boston, MA",11/1/2012,11/30/2012,0.974703713,537,1729,79,419000,3.2,361,30,0.122035859,0.199255121
"Los Angeles, CA",7/1/2013,7/31/2013,1.012170337,2780,5593,15,489900,2,3813,30,0.233684963,0.491726619
"Los Angeles, CA",2/1/2012,2/29/2012,0.976404149,2160,9525,60,349800,4.4,3393,30,0.223412073,0.276851852
"Chicago, IL",2/1/2017,2/28/2017,0.975816107,1568,10815,90,325000,6.9,3543,30,0.14877485,0.225909381
"Los Angeles, CA",1/1/2012,1/31/2012,0.974782708,1962,9861,62,340000,5,3407,30,0.237602677,0.280326198
"Boston, MA",6/1/2015,6/30/2015,1.020114701,820,1058,7,529900,1.3,895,30,0.277882798,0.547560976
"Chicago, IL",4/1/2012,4/30/2012,0.953153368,1960,15733,112,189900,8,3799,30,0.197991483,0.189892802
"Seattle, WA",9/1/2017,9/30/2017,1.041834174,1029,1028,8,650000,1,1300,30,0.257782101,0.555014606
"Boston, MA",11/1/2013,11/30/2013,0.99488291,480,1767,67,470000,3.7,346,30,0.128466327,0.338204593
"Seattle, WA",3/1/2012,3/31/2012,0.981019157,684,2001,40,389000,2.9,1013,30,0.28185907,0.255847953
National,7/1/2013,7/31/2013,0.982339457,239165,739347,49,244000,3.1,258816,30,0.129732047,0.243888793
"Chicago, IL",1/1/2018,1/31/2018,0.976071308,1696,8079,83,300000,4.8,2669,30,0.159054338,0.221108491
"Los Angeles, CA",3/1/2017,3/31/2017,0.996491378,2592,6659,38,690000,2.6,3682,30,0.167742904,0.377700617
"Boston, MA",3/1/2013,3/31/2013,0.980103078,419,1981,65,449000,4.7,835,30,0.081272085,0.274463007
"Los Angeles, CA",3/1/2018,3/31/2018,1.007619024,2509,5681,34,749000,2.3,3194,30,0.158422813,0.455161419
"Los Angeles, CA",10/1/2013,10/31/2013,1.002039399,2683,6150,21,495000,2.3,3230,30,0.281300813,0.414461424
"Los Angeles, CA",9/1/2015,9/30/2015,0.998537474,2502,6540,25,589000,2.6,3108,30,0.23853211,0.386890488
"Chicago, IL",3/1/2018,3/31/2018,0.979721838,2366,9421,68,320000,4,4165,30,0.18543679,0.224006762
"San Francisco, CA",3/1/2017,3/31/2017,1.07711016,463,797,23,1200000,1.7,653,30,0.119196989,0.670995671
"San Diego, CA",4/1/2015,4/30/2015,0.980859316,1567,2994,24,526900,1.9,1951,30,0.271877088,0.209317167
"Seattle, WA",6/1/2013,6/30/2013,1.013948473,1016,1823,9,415000,1.8,1387,30,0.272078991,0.431102362
"San Jose, CA",7/1/2017,7/31/2017,1.047078252,842,696,15,838888,0.8,749,30,0.150862069,0.76128266
National,9/1/2017,9/30/2017,0.982651303,236715,759666,41,301200,3.2,264053,30,0.241831278,0.23621748
National,11/1/2012,11/30/2012,0.969078581,170534,660285,66,206200,3.9,152677,30,0.090965265,0.211796607
"San Jose, CA",1/1/2016,1/31/2016,1.022593486,493,609,35,754500,1.2,552,30,0.083743842,0.643002028
National,4/1/2017,4/30/2017,0.982464763,231697,746318,42,303700,3.2,324300,30,0.203681273,0.24897598
"Seattle, WA",7/1/2016,7/31/2016,1.034212534,1243,1205,8,535000,1,1340,30,0.248962656,0.510466989
"San Diego, CA",2/1/2018,2/28/2018,0.992965224,975,1859,17,610000,1.9,1435,30,0.224314147,0.337435897
"Washington, DC",6/1/2013,6/30/2013,1.003529093,935,1438,11,469500,1.5,980,30,0.239916551,0.429946524
National,12/1/2015,12/31/2015,0.973060871,226368,751061,60,242000,3.3,156682,30,0.160327856,0.187464589
National,9/1/2016,9/30/2016,0.97983976,251839,840426,47,284400,3.3,281676,30,0.24219146,0.217976661
"Seattle, WA",7/1/2017,7/31/2017,1.055893532,1158,914,8,629000,0.8,1231,30,0.245076586,0.594969644
"Los Angeles, CA",3/1/2013,3/31/2013,1.004015161,2612,4024,18,474950,1.5,3087,30,0.209493042,0.437380314
"San Francisco, CA",6/1/2016,6/30/2016,1.071291103,546,941,17,1141900,1.7,670,30,0.170031881,0.655677656
"San Diego, CA",8/1/2012,8/31/2012,0.983363835,1543,2934,26,399000,1.9,1666,30,0.25528289,0.282284231
"San Francisco, CA",9/1/2016,9/30/2016,1.065805328,431,1158,32,1195000,2.7,890,30,0.127806563,0.663573086
"Seattle, WA",10/1/2012,10/31/2012,0.992188817,845,1757,20,380475,2.1,796,30,0.348890154,0.26035503
"San Diego, CA",12/1/2013,12/31/2013,0.976615691,1160,2644,34,430000,2.3,791,30,0.175491679,0.199137931
"Los Angeles, CA",4/1/2013,4/30/2013,1.006201677,2677,4418,18,499000,1.7,3637,30,0.184246265,0.443780351
"Chicago, IL",6/1/2015,6/30/2015,0.982900459,4083,13729,57,265000,3.4,4636,30,0.210284799,0.25838844
"Seattle, WA",2/1/2013,2/28/2013,1.000002642,566,1279,26,399950,2.3,908,30,0.191555903,0.339222615
"Chicago, IL",1/1/2016,1/31/2016,0.968231045,2110,10070,85,249900,4.8,2887,30,0.143098312,0.215742058
"Boston, MA",1/1/2014,1/31/2014,0.989063635,358,1356,88,506950,3.8,448,30,0.091445428,0.229050279
"Los Angeles, CA",8/1/2012,8/31/2012,0.989912921,3135,6344,35,389000,2,2956,30,0.224148802,0.3476874
"San Francisco, CA",3/1/2014,3/31/2014,1.096278066,477,499,14,902500,1,596,30,0.130260521,0.726890756
"Boston, MA",4/1/2015,4/30/2015,1.008919852,414,1028,22,549900,2.5,1091,30,0.162451362,0.483091787
"Boston, MA",7/1/2016,7/31/2016,1.015868578,686,959,8,578000,1.4,616,30,0.2544317,0.481049563
"Los Angeles, CA",7/1/2014,7/31/2014,0.99778867,2715,6913,21,550000,2.5,3478,30,0.273397946,0.377532228
"Boston, MA",6/1/2013,6/30/2013,0.998558349,758,2573,71,439000,3.4,818,30,0.112320249,0.418205805
"Chicago, IL",4/1/2016,4/30/2016,0.985828058,2922,12275,60,285000,4.2,4812,30,0.167331976,0.272758385
"Boston, MA",2/1/2017,2/28/2017,0.990058645,269,678,22,697000,2.5,508,30,0.14159292,0.312267658
"Boston, MA",11/1/2017,11/30/2017,0.999877518,569,984,13,669900,1.7,511,30,0.284552846,0.401408451
"Chicago, IL",11/1/2017,11/30/2017,0.977313965,2001,9737,66,250000,4.9,1894,30,0.179418712,0.218890555
"Los Angeles, CA",6/1/2015,6/30/2015,1.001110565,2838,6356,21,579949.5,2.2,3621,30,0.215859031,0.436530324
"Chicago, IL",11/1/2014,11/30/2014,0.973833496,1990,12269,70,192900,6.2,2343,30,0.172630206,0.231658291
"San Francisco, CA",7/1/2013,7/31/2013,1.080801247,651,693,15,849000,1.1,633,30,0.177489177,0.748079877
"San Diego, CA",9/1/2013,9/30/2013,0.987731266,1357,3387,20,449000,2.5,1580,30,0.293475052,0.284450995
"San Francisco, CA",11/1/2015,11/30/2015,1.091536767,437,545,17,999499.5,1.2,338,30,0.190825688,0.731651376
"Los Angeles, CA",5/1/2016,5/31/2016,0.9985356,2622,6508,31,635000,2.5,3481,30,0.188690842,0.418001526
"Boston, MA",7/1/2013,7/31/2013,1.00398149,820,2287,74,429000,2.8,651,30,0.123305641,0.435365854
"Los Angeles, CA",12/1/2016,12/31/2016,0.990896052,2412,5911,46,589450,2.5,1512,30,0.118930807,0.342181667
"Boston, MA",7/1/2015,7/31/2015,1.014555565,844,995,8,499000,1.2,653,30,0.24321608,0.481042654
"Boston, MA",9/1/2016,9/30/2016,1.001170707,610,1087,12,599900,1.8,852,30,0.261269549,0.375409836
"Boston, MA",11/1/2015,11/30/2015,1.00012502,486,961,14,512450,2,448,30,0.257023933,0.380165289
"Boston, MA",2/1/2013,2/28/2013,0.979413956,281,1667,95,439000,5.9,643,30,0.061787642,0.263345196
"Boston, MA",12/1/2015,12/31/2015,0.993971948,571,754,19,500000,1.3,300,30,0.172413793,0.343257443
"Boston, MA",2/1/2014,2/28/2014,0.99039809,312,1513,100,479000,4.8,539,30,0.075346993,0.217948718
"Seattle, WA",5/1/2012,5/31/2012,0.991625099,904,2014,19,385000,2.2,1091,30,0.258689176,0.293141593
"Los Angeles, CA",5/1/2012,5/31/2012,0.984141152,2958,7951,46,399000,2.7,3447,30,0.199345994,0.336489685
"San Diego, CA",3/1/2017,3/31/2017,0.99003966,1404,2016,15,589000,1.4,1788,30,0.229166667,0.316239316
"Washington, DC",1/1/2015,1/31/2015,0.984495591,485,1168,37,485000,2.4,647,30,0.220034247,0.232989691
"Washington, DC",11/1/2012,11/30/2012,0.98529907,634,1452,22,427450,2.3,545,30,0.221763085,0.27014218
"Seattle, WA",2/1/2012,2/29/2012,0.971306165,514,2003,68,339725,3.9,786,30,0.2890664,0.167315175
"San Diego, CA",5/1/2014,5/31/2014,0.980189359,1396,3259,22,518150,2.3,1956,30,0.286590979,0.201289398
"San Francisco, CA",3/1/2012,3/31/2012,1.01099996,510,919,20,779000,1.8,683,30,0.152339499,0.443137255
"San Jose, CA",6/1/2017,6/30/2017,1.049583042,966,754,13,849925,0.8,860,30,0.196286472,0.767875648
"San Jose, CA",12/1/2017,12/31/2017,1.100760953,537,208,12,876944,0.4,278,30,0.086538462,0.831775701
National,9/1/2013,9/30/2013,0.978293696,197899,748163,53,243900,3.8,222779,30,0.141454469,0.22027844
"Seattle, WA",9/1/2015,9/30/2015,1.024656633,1023,1199,8,515000,1.2,1198,30,0.270225188,0.469208211
"San Diego, CA",1/1/2016,1/31/2016,0.978489799,895,2367,36,525000,2.6,1398,30,0.177017322,0.192178771
"Washington, DC",1/1/2018,1/31/2018,0.991081512,651,1265,29,547250,1.9,752,30,0.221343874,0.279569892
"Seattle, WA",2/1/2016,2/29/2016,1.03445509,688,800,7,549400,1.2,910,30,0.15875,0.539244186
"San Diego, CA",10/1/2012,10/31/2012,0.984613405,1416,2605,24,395000,1.8,1512,30,0.25681382,0.302966102
National,9/1/2012,9/30/2012,0.973385987,168290,727009,65,217400,4.3,186993,30,0.107551626,0.210320361
"Boston, MA",12/1/2017,12/31/2017,0.995321257,468,683,17,649949.5,1.5,222,30,0.134699854,0.341880342
"Boston, MA",1/1/2015,1/31/2015,0.980009898,343,1226,84,515000,3.6,404,30,0.101141925,0.221574344
"Los Angeles, CA",9/1/2012,9/30/2012,0.990828723,2477,5969,33,409000,2.4,2724,30,0.204389345,0.366168753
"Boston, MA",4/1/2017,4/30/2017,1.011307759,443,904,9,609000,2,856,30,0.196902655,0.469525959
"Los Angeles, CA",3/1/2015,3/31/2015,0.993795011,2455,5686,26,579000,2.3,3391,30,0.215793176,0.339038305
"Boston, MA",3/1/2012,3/31/2012,0.965359751,453,2907,129,409000,6.4,1063,30,0.130718954,0.163355408
"Los Angeles, CA",10/1/2014,10/31/2014,0.993038017,2602,6888,32,549900,2.6,3208,30,0.272357724,0.325903151
"San Diego, CA",6/1/2017,6/30/2017,0.992633916,1644,2382,13,589450,1.4,1822,30,0.26868178,0.374695864
"Los Angeles, CA",2/1/2017,2/28/2017,0.99366503,1785,6150,58,671000,3.4,2683,30,0.142764228,0.354621849
"Chicago, IL",11/1/2012,11/30/2012,0.96782032,2122,12674,90,147300,6,2338,30,0.164825627,0.254476909
"San Diego, CA",5/1/2016,5/31/2016,0.98430212,1525,2721,18,579000,1.8,1857,30,0.262036016,0.244590164
"Chicago, IL",8/1/2012,8/31/2012,0.965885369,2805,14461,89,169900,5.2,3376,30,0.207177927,0.232085561
"Seattle, WA",12/1/2016,12/31/2016,1.013442429,919,560,13,549388.5,0.6,407,30,0.155357143,0.373231774
"Chicago, IL",6/1/2016,6/30/2016,0.987385481,3662,12969,54,274500,3.5,4659,30,0.206569512,0.293828509
"Seattle, WA",6/1/2017,6/30/2017,1.072382607,1298,832,7,648900,0.6,1404,30,0.257211538,0.649190439
"Los Angeles, CA",11/1/2016,11/30/2016,0.99346463,2324,7166,40,649000,3.1,2276,30,0.17513257,0.358003442
"Los Angeles, CA",4/1/2018,4/30/2018,1.009094539,2365,5911,32,759000,2.5,3473,30,0.16579259,0.470613108
"San Francisco, CA",8/1/2014,8/31/2014,1.084824124,534,557,16,899000,1,471,30,0.129263914,0.739700375
"Seattle, WA",5/1/2016,5/31/2016,1.056520576,1117,1009,8,549950,0.9,1383,30,0.24975223,0.613799283
"Los Angeles, CA",7/1/2012,7/31/2012,0.993306189,2823,7128,36,390500,2.5,3169,30,0.197671156,0.375841304
"San Diego, CA",2/1/2012,2/29/2012,0.966812682,1111,3616,65,359450,3.3,1576,30,0.25,0.204320432
"Los Angeles, CA",11/1/2013,11/30/2013,0.999082434,2323,5563,24,480000,2.4,2328,30,0.235124933,0.377529057
"Boston, MA",11/1/2016,11/30/2016,1.003687775,504,884,13,579000,1.8,453,30,0.25,0.396825397
"Seattle, WA",10/1/2014,10/31/2014,1.00011441,1030,1578,15,450000,1.5,986,30,0.354245881,0.329126214
"Los Angeles, CA",6/1/2017,6/30/2017,1.004164849,3145,7219,33,694799,2.3,3529,30,0.18492866,0.454516539
"San Francisco, CA",12/1/2013,12/31/2013,1.053314775,485,346,18,788000,0.7,195,30,0.132947977,0.612371134
"San Diego, CA",7/1/2016,7/31/2016,0.983809537,1470,3089,19,549000,2.1,1811,30,0.283263192,0.263265306
"Boston, MA",10/1/2017,10/31/2017,1.004342792,490,1129,11,675000,2.3,682,30,0.323294951,0.43877551
"Los Angeles, CA",12/1/2012,12/31/2012,0.990426744,2968,4111,29,382950,1.4,1688,30,0.21308684,0.360512129
"Boston, MA",11/1/2014,11/30/2014,0.993686354,414,1664,68,519000,4,386,30,0.141826923,0.311594203
"Boston, MA",4/1/2013,4/30/2013,0.992832344,487,2429,65,449999.5,5,1045,30,0.088925484,0.369609856
"Chicago, IL",1/1/2015,1/31/2015,0.968408006,1797,10780,85,229000,6,2908,30,0.169851577,0.217584864
"Chicago, IL",12/1/2016,12/31/2016,0.973834734,2327,9517,72,210000,4.1,1665,30,0.133235263,0.224752901
"Washington, DC",10/1/2017,10/31/2017,0.998986968,853,1935,14,559900,2.3,1093,30,0.291472868,0.366627497
"Chicago, IL",6/1/2014,6/30/2014,0.984569989,2830,13094,55,259900,4.6,4460,30,0.220253551,0.271378092
"San Jose, CA",7/1/2014,7/31/2014,1.030571163,914,1307,13,650000,1.4,1078,30,0.195868401,0.648796499
"San Jose, CA",4/1/2014,4/30/2014,1.041011727,864,938,11,689000,1.1,1077,30,0.146055437,0.715277778
"Seattle, WA",10/1/2013,10/31/2013,0.999874779,991,1878,14,425000,1.9,982,30,0.353035144,0.336024218
"Boston, MA",8/1/2015,8/31/2015,1.008760439,737,922,10,519000,1.3,515,30,0.229934924,0.468113976
"Washington, DC",7/1/2013,7/31/2013,1.004593921,849,1399,13,469900,1.6,853,30,0.255897069,0.374558304
"Chicago, IL",9/1/2017,9/30/2017,0.977743085,2375,11689,60,284000,4.9,3162,30,0.240396954,0.255686605
"Chicago, IL",2/1/2018,2/28/2018,0.975720803,1726,8867,92,325000,5.1,3224,30,0.149317695,0.231304348
"San Francisco, CA",12/1/2014,12/31/2014,1.063974439,473,266,21,939000,0.6,165,30,0.112781955,0.640591966
"Los Angeles, CA",9/1/2016,9/30/2016,0.995807872,2524,7949,37,639450,3.1,3535,30,0.200905774,0.372820919
"Washington, DC",9/1/2017,9/30/2017,0.997265091,708,1819,20,599000,2.6,1326,30,0.272677295,0.330508475
"San Francisco, CA",5/1/2012,5/31/2012,1.033379152,565,901,17,797000,1.6,638,30,0.155382908,0.518584071
"Chicago, IL",11/1/2013,11/30/2013,0.979188198,2257,10938,72,175000,4.8,2317,30,0.174986286,0.28679078
"Seattle, WA",1/1/2013,1/31/2013,0.988444253,527,1224,38,369000,2.3,723,30,0.212418301,0.244781784
"San Jose, CA",1/1/2014,1/31/2014,1.012418452,498,646,20,625000,1.3,657,30,0.140866873,0.536144578
National,3/1/2018,3/31/2018,0.986624994,234717,651649,43,320800,2.8,328331,30,0.212761778,0.239178011
"San Francisco, CA",11/1/2016,11/30/2016,1.066750476,490,819,33,1179000,1.7,314,30,0.144078144,0.683673469
"San Diego, CA",3/1/2012,3/31/2012,0.973359121,1315,3408,49,387500,2.6,1685,30,0.235915493,0.237262357
"Seattle, WA",4/1/2015,4/30/2015,1.033971786,1085,1044,7,475000,1,1407,30,0.218390805,0.564976959
"Boston, MA",3/1/2014,3/31/2014,0.998122957,399,1791,63,469900,4.5,767,30,0.082077052,0.370927318
"Chicago, IL",5/1/2012,5/31/2012,0.957913327,2382,15688,92,179900,6.6,3863,30,0.201427843,0.205289673
"Los Angeles, CA",2/1/2016,2/29/2016,0.992766089,1776,5856,42,615000,3.3,3024,30,0.164959016,0.349295775
"Chicago, IL",1/1/2014,1/31/2014,0.979489693,2140,9812,75,229000,4.6,2769,30,0.175295556,0.289719626
"Los Angeles, CA",4/1/2012,4/30/2012,0.979920006,2639,8481,48,375000,3.2,3326,30,0.191722674,0.292913983
"Chicago, IL",8/1/2015,8/31/2015,0.979686753,3014,13364,64,245000,4.4,3821,30,0.21730021,0.223954877
National,6/1/2012,6/30/2012,0.969241566,208819,781499,62,219600,3.7,223544,30,0.10928229,0.207494242
"Seattle, WA",9/1/2014,9/30/2014,1.001217694,929,1741,14,459950,1.9,1181,30,0.330844342,0.318622174
"Seattle, WA",6/1/2015,6/30/2015,1.037926341,1308,1073,8,509975,0.8,1294,30,0.220876048,0.539755352
"Boston, MA",6/1/2014,6/30/2014,1.0087041,786,2280,67,469700,2.9,830,30,0.134210526,0.469465649
"Los Angeles, CA",1/1/2018,1/31/2018,0.999369369,1801,5291,45,729000,2.9,2771,30,0.146286146,0.370555556
"Los Angeles, CA",8/1/2017,8/31/2017,1.001329487,3023,7100,36,649999,2.3,3237,30,0.186056338,0.43929871
"Los Angeles, CA",10/1/2017,10/31/2017,1.000614846,2482,6787,39,699994.5,2.7,2986,30,0.18726978,0.421837228
"Los Angeles, CA",2/1/2018,2/28/2018,1.003657788,1706,5603,40,748500,3.3,2908,30,0.138318758,0.430832356
"San Francisco, CA",7/1/2014,7/31/2014,1.110555815,529,695,15,899000,1.3,631,30,0.143884892,0.792060491
"Boston, MA",9/1/2014,9/30/2014,0.995945154,491,1791,71,498450,3.6,785,30,0.186487996,0.346232179
"Chicago, IL",9/1/2015,9/30/2015,0.981862321,1939,13166,65,259900,6.8,3690,30,0.226796293,0.238267148
"San Francisco, CA",1/1/2015,1/31/2015,1.056062031,287,388,22,1049000,1.4,440,30,0.087628866,0.602787456
"Seattle, WA",3/1/2015,3/31/2015,1.023270748,878,1048,8,499000,1.2,1259,30,0.215648855,0.466970387
"Seattle, WA",11/1/2012,11/30/2012,0.990177178,764,1508,24,370000,2,562,30,0.24668435,0.27617801
"Chicago, IL",4/1/2013,4/30/2013,0.977260371,2584,12856,78,225000,5,4520,30,0.155413815,0.285327139
"Los Angeles, CA",2/1/2014,2/28/2014,0.992404199,1780,5422,31,535000,3,2864,30,0.216894135,0.342696629
"Los Angeles, CA",12/1/2014,12/31/2014,0.989566799,2417,5265,37,499000,2.2,1648,30,0.168850902,0.31733554
"Chicago, IL",4/1/2015,4/30/2015,0.976946799,2799,13042,68,269900,4.7,4994,30,0.188468026,0.251340722
"Chicago, IL",5/1/2013,5/31/2013,0.985269468,2946,12978,68,240000,4.4,4366,30,0.150716597,0.307535642
"San Francisco, CA",6/1/2012,6/30/2012,1.030013979,633,870,17,779000,1.4,607,30,0.162068966,0.557661927
"Seattle, WA",8/1/2016,8/31/2016,1.02794124,1317,1179,9,535000,0.9,1226,30,0.287531807,0.456340167
"San Diego, CA",5/1/2015,5/31/2015,0.981039458,1487,3068,19,525438,2.1,1828,30,0.261082138,0.217888366
"Los Angeles, CA",9/1/2014,9/30/2014,0.99514799,2290,7052,27,549900,3.1,3075,30,0.268009075,0.31790393
"San Francisco, CA",1/1/2014,1/31/2014,1.047607032,332,465,21,898000,1.4,509,30,0.075268817,0.548192771
"Boston, MA",10/1/2012,10/31/2012,0.979065661,448,2055,83,403750,4.6,581,30,0.145012165,0.189732143
National,1/1/2018,1/31/2018,0.976549358,172308,600477,53,303700,3.5,236053,30,0.199576337,0.195710622
"Los Angeles, CA",12/1/2015,12/31/2015,0.992687477,2583,5041,31,549950,2,1725,30,0.149771871,0.358885017
"Boston, MA",12/1/2014,12/31/2014,0.98947245,496,1237,68,496900,2.5,229,30,0.109135004,0.278225806
"San Francisco, CA",2/1/2015,2/28/2015,1.100727149,317,491,14,998000,1.5,535,30,0.095723014,0.700315457
"Seattle, WA",4/1/2018,4/30/2018,1.067101249,989,790,7,679000,0.8,1223,30,0.224050633,0.657229525
"Los Angeles, CA",11/1/2015,11/30/2015,0.993953355,1883,5981,30,589900,3.2,2352,30,0.208995151,0.360786397
"Boston, MA",12/1/2013,12/31/2013,0.985818209,553,1345,76,469900,2.4,255,30,0.091449814,0.244122966
"Los Angeles, CA",11/1/2012,11/30/2012,0.994737715,2676,4875,29,399900,1.8,2514,30,0.207384615,0.381593715
"Seattle, WA",3/1/2016,3/31/2016,1.049385888,920,877,8,549000,1,1262,30,0.169897377,0.553862894
"Seattle, WA",12/1/2013,12/31/2013,0.991482454,748,1275,28,399000,1.7,368,30,0.210196078,0.255347594
"Los Angeles, CA",12/1/2013,12/31/2013,0.99547092,2479,4872,25,450000,2,1751,30,0.171387521,0.369907221
"Los Angeles, CA",12/1/2017,12/31/2017,1.000981584,2377,4882,42,639000,2.1,1355,30,0.105489553,0.402105263
"Washington, DC",4/1/2017,4/30/2017,1.000712965,784,1582,15,572450,2,1100,30,0.246523388,0.385204082
"San Francisco, CA",9/1/2013,9/30/2013,1.071934467,442,859,14,925000,1.9,814,30,0.139697322,0.721088435
"San Diego, CA",4/1/2014,4/30/2014,0.979312934,1514,3147,23,497500,2.1,1861,30,0.273911662,0.204230007
"Chicago, IL",8/1/2017,8/31/2017,0.982010938,2979,11753,56,279000,3.9,3439,30,0.228622479,0.260490097
"Chicago, IL",9/1/2013,9/30/2013,0.985194932,2661,12808,66,229000,4.8,3700,30,0.187304809,0.29462608
"Chicago, IL",7/1/2016,7/31/2016,0.986562483,3343,13034,56,274000,3.9,4087,30,0.199631732,0.293536804
National,1/1/2014,1/31/2014,0.970629108,144516,691864,71,241000,4.8,205197,30,0.123112346,0.18339106
"Chicago, IL",7/1/2017,7/31/2017,0.985171498,2772,11999,54,284900,4.3,3410,30,0.221101758,0.288343558
"Boston, MA",9/1/2013,9/30/2013,0.994980645,607,1988,77,464700,3.3,828,30,0.15694165,0.355848435
"Boston, MA",2/1/2018,2/28/2018,0.997380457,275,704,25,690000,2.6,586,30,0.125,0.341818182
"San Francisco, CA",3/1/2018,3/31/2018,1.117223541,488,676,15,1295000,1.4,652,30,0.115384615,0.68852459
"San Francisco, CA",8/1/2012,8/31/2012,1.03375363,612,759,18,770500,1.2,562,30,0.12516469,0.545751634
"Los Angeles, CA",1/1/2014,1/31/2014,0.994478998,1880,5355,33,525000,2.8,3039,30,0.220915033,0.338829787
"Seattle, WA",4/1/2016,4/30/2016,1.056246746,1038,1038,8,549950,1,1354,30,0.164739884,0.594202899
"Seattle, WA",11/1/2015,11/30/2015,1.019500363,754,849,10,521500,1.1,613,30,0.239104829,0.420424403
"Seattle, WA",1/1/2018,1/31/2018,1.025255431,553,478,12,650000,0.9,755,30,0.125523013,0.423913043
"Boston, MA",10/1/2016,10/31/2016,1.001460857,472,1053,13,619900,2.2,671,30,0.33048433,0.415254237
"San Diego, CA",11/1/2012,11/30/2012,0.985325352,1307,2275,25,385000,1.7,1132,30,0.218021978,0.310635042
"San Diego, CA",11/1/2014,11/30/2014,0.96965069,1061,3156,43,499000,3,1032,30,0.23225602,0.149056604
"San Diego, CA",6/1/2013,6/30/2013,0.997932665,1552,2859,14,449000,1.8,2052,30,0.215809724,0.385557705
"San Diego, CA",8/1/2014,8/31/2014,0.977193822,1296,3901,28,479000,3,1622,30,0.33068444,0.177469136
"Chicago, IL",9/1/2016,9/30/2016,0.979981009,3005,12832,64,278000,4.3,3810,30,0.22763404,0.241264559
"Chicago, IL",12/1/2015,12/31/2015,0.969211566,2454,9942,73,179900,4.1,1760,30,0.131663649,0.224123879
"Boston, MA",8/1/2016,8/31/2016,1.004840437,695,864,10,590000,1.2,501,30,0.236111111,0.428776978
"San Francisco, CA",4/1/2013,4/30/2013,1.079867158,560,646,13,829000,1.2,719,30,0.120743034,0.717857143
"Los Angeles, CA",5/1/2015,5/31/2015,0.99809871,2572,6032,23,599000,2.3,3332,30,0.208720159,0.382192846
"Los Angeles, CA",7/1/2017,7/31/2017,1.004387363,2475,7320,35,679900,3,3275,30,0.182377049,0.452082491
"San Diego, CA",1/1/2017,1/31/2017,0.980306304,934,1882,28,575000,2,1289,30,0.196599362,0.243040685
"Seattle, WA",3/1/2018,3/31/2018,1.063203466,884,651,7,700000,0.7,1241,30,0.187403994,0.602040816
"Chicago, IL",7/1/2014,7/31/2014,0.98985988,2964,13586,52,247700,4.6,4313,30,0.231856323,0.269230769
"San Francisco, CA",8/1/2017,8/31/2017,1.096957139,464,638,19,1098000,1.4,428,30,0.119122257,0.684665227
"Chicago, IL",4/1/2014,4/30/2014,0.980210226,2935,12029,64,268500,4.1,4848,30,0.195527475,0.267802385
"San Diego, CA",9/1/2016,9/30/2016,0.983143709,1477,2692,24,545000,1.8,1459,30,0.316864785,0.214624238
"Chicago, IL",1/1/2013,1/31/2013,0.96256261,2151,11656,97,179000,5.4,3226,30,0.168153741,0.255002327
"Chicago, IL",2/1/2013,2/28/2013,0.970194419,1778,12094,105,224900,6.8,3458,30,0.142053911,0.264341957
"San Francisco, CA",3/1/2015,3/31/2015,1.113159965,502,495,14,1049000,1,580,30,0.086868687,0.729083665
"Boston, MA",6/1/2016,6/30/2016,1.016954906,770,966,8,575000,1.3,819,30,0.319875776,0.532467532
"Los Angeles, CA",11/1/2017,11/30/2017,1.003632086,2379,6116,38,692500,2.6,2292,30,0.163505559,0.411690496
"San Francisco, CA",10/1/2017,10/31/2017,1.107475801,557,890,17,1295000,1.6,613,30,0.168539326,0.761220826
"San Diego, CA",9/1/2012,9/30/2012,0.982817565,1244,2797,23,389000,2.2,1365,30,0.223096174,0.27170418
"Chicago, IL",11/1/2016,11/30/2016,0.974830593,2405,11317,66,239000,4.7,2422,30,0.175664929,0.236688852
"Los Angeles, CA",2/1/2013,2/28/2013,0.996851177,2043,4164,23,449000,2,2795,30,0.176272815,0.408823529
"San Francisco, CA",5/1/2015,5/31/2015,1.146355524,509,554,14,1049000,1.1,610,30,0.128158845,0.799212598
"Boston, MA",1/1/2012,1/31/2012,0.955917364,309,2111,117,384900,6.8,566,30,0.141165324,0.103559871
"San Diego, CA",6/1/2016,6/30/2016,0.986648595,1675,2981,16,549900,1.8,1949,30,0.285474673,0.275388292
"San Francisco, CA",9/1/2015,9/30/2015,1.126930655,380,796,16,1098000,2.1,833,30,0.10678392,0.8
"San Diego, CA",4/1/2018,4/30/2018,0.993038492,1319,2144,13,659000,1.6,1690,30,0.302705224,0.345716452
National,10/1/2012,10/31/2012,0.974460731,185475,700386,66,211800,3.8,190889,30,0.109706647,0.211932572
"San Francisco, CA",5/1/2013,5/31/2013,1.081117109,654,730,14,849000,1.1,788,30,0.109589041,0.71559633
"San Francisco, CA",11/1/2017,11/30/2017,1.097968627,535,689,19,1142450,1.3,347,30,0.129172714,0.714018692
National,1/1/2017,1/31/2017,0.976449901,172379,672719,59,281600,3.9,233892,30,0.195909436,0.187542226
"Seattle, WA",7/1/2013,7/31/2013,1.012716014,1145,1883,9,399000,1.6,1237,30,0.295804567,0.424454148
"San Francisco, CA",8/1/2015,8/31/2015,1.122980001,464,536,15,995000,1.2,462,30,0.117537313,0.799568966
"Washington, DC",2/1/2018,2/28/2018,0.996479327,661,1494,35,574950,2.3,832,30,0.162650602,0.334341906
"San Francisco, CA",8/1/2013,8/31/2013,1.078525388,564,665,16,799000,1.2,582,30,0.15037594,0.707446809
"Boston, MA",2/1/2012,2/29/2012,0.966165025,267,2460,145,419000,9.2,739,30,0.123170732,0.123595506
"Chicago, IL",1/1/2017,1/31/2017,0.972679512,2042,9809,80,279900,4.8,2956,30,0.142726068,0.223639039
National,4/1/2015,4/30/2015,0.978020441,230530,846781,56,274300,3.7,343988,30,0.194180077,0.210651802
"Boston, MA",7/1/2012,7/31/2012,0.975807017,676,2488,89,389900,3.7,531,30,0.137057878,0.173076923
"Los Angeles, CA",9/1/2013,9/30/2013,1.007030926,2410,6199,19,499000,2.6,3326,30,0.264720116,0.449377593
"San Diego, CA",6/1/2012,6/30/2012,0.982111043,1450,2997,30,399900,2.1,1671,30,0.227227227,0.271724138
"Chicago, IL",6/1/2013,6/30/2013,0.981860142,2902,13006,68,229000,4.5,4100,30,0.157542673,0.286698828
"Chicago, IL",3/1/2015,3/31/2015,0.972050181,2406,12184,82,269900,5.1,4818,30,0.175804334,0.241064007
"Chicago, IL",10/1/2012,10/31/2012,0.963404689,2577,13681,87,164900,5.3,3156,30,0.201008698,0.236709352
"Boston, MA",8/1/2017,8/31/2017,1.009556415,693,904,10,619450,1.3,470,30,0.246681416,0.461760462
National,2/1/2018,2/28/2018,0.977247052,170786,626618,53,319000,3.7,259172,30,0.187077294,0.211816359
"San Diego, CA",8/1/2016,8/31/2016,0.982440792,1566,2969,22,539000,1.9,1656,30,0.322667565,0.212005109
"Chicago, IL",3/1/2012,3/31/2012,0.953142198,1973,15587,121,199900,7.9,4099,30,0.210303458,0.222616633
"San Francisco, CA",4/1/2017,4/30/2017,1.098198802,439,845,20,1225000,1.9,546,30,0.119526627,0.708428246
"Chicago, IL",11/1/2015,11/30/2015,0.974342666,2191,11604,70,219000,5.3,2360,30,0.169424336,0.241426612
"Los Angeles, CA",6/1/2014,6/30/2014,0.998649032,2590,6394,20,549000,2.5,3368,30,0.263215515,0.378764479
"Seattle, WA",5/1/2013,5/31/2013,1.012068013,1117,1656,8,409950,1.5,1430,30,0.265096618,0.452999105
"Boston, MA",3/1/2015,3/31/2015,0.991451175,367,871,69,539999,2.4,731,30,0.117106774,0.307901907
"Boston, MA",9/1/2015,9/30/2015,1.000947665,536,1192,13,569900,2.2,893,30,0.255033557,0.39738806
"San Diego, CA",7/1/2015,7/31/2015,0.981626724,1626,3372,22,519000,2.1,1914,30,0.274317912,0.229538462
National,10/1/2015,10/31/2015,0.97501128,230644,865179,54,262500,3.8,261128,30,0.248468814,0.192902364
"Washington, DC",5/1/2016,5/31/2016,1.006561604,893,1554,12,549900,1.7,1057,30,0.273487773,0.404255319
"Washington, DC",8/1/2017,8/31/2017,0.999020524,905,1468,20,493000,1.6,774,30,0.270435967,0.337016575
"Seattle, WA",6/1/2016,6/30/2016,1.044644267,1435,1046,8,550000,0.7,1383,30,0.26959847,0.536585366
"Los Angeles, CA",6/1/2013,6/30/2013,1.014781908,2775,5128,15,495000,1.8,3519,30,0.196177847,0.494232156
"Seattle, WA",2/1/2014,2/28/2014,1.003360226,630,1243,18,424950,2,841,30,0.236524537,0.331746032
"Seattle, WA",9/1/2012,9/30/2012,0.991559011,701,2008,17,415000,2.9,1035,30,0.28187251,0.310984308
"San Francisco, CA",12/1/2016,12/31/2016,1.037754117,465,475,40,1199000,1,137,30,0.103157895,0.531182796
"Chicago, IL",2/1/2014,2/28/2014,0.97470312,1789,10437,80,249000,5.8,3399,30,0.161061608,0.260480715
"San Francisco, CA",4/1/2014,4/30/2014,1.107301181,579,524,14,949000,0.9,599,30,0.110687023,0.766839378
National,4/1/2013,4/30/2013,0.97654251,201297,689425,57,247700,3.4,272856,30,0.105294992,0.23441068
National,11/1/2014,11/30/2014,0.972949799,171407,804736,62,237800,4.7,176809,30,0.157834371,0.168604107
"Chicago, IL",10/1/2017,10/31/2017,0.97213542,2347,11095,63,269950,4.7,2757,30,0.238215412,0.202812101
"Chicago, IL",1/1/2012,1/31/2012,0.95308512,1856,14669,109,169000,7.9,2926,30,0.204512918,0.209051724
"San Jose, CA",12/1/2014,12/31/2014,1.010275767,693,575,28,655000,0.8,303,30,0.123478261,0.520923521
"San Francisco, CA",6/1/2013,6/30/2013,1.093538417,580,727,14,799000,1.3,652,30,0.156808803,0.75862069
National,10/1/2013,10/31/2013,0.975213516,201305,741795,55,237600,3.7,220022,30,0.156257457,0.211783931
"San Jose, CA",2/1/2016,2/29/2016,1.035268569,411,829,18,789000,2,768,30,0.104945718,0.686131387
"Seattle, WA",1/1/2016,1/31/2016,1.014124895,527,765,12,549000,1.5,772,30,0.17124183,0.434535104
"Seattle, WA",8/1/2013,8/31/2013,1.007197137,1104,1986,12,399000,1.8,1176,30,0.289526687,0.363224638
"Chicago, IL",8/1/2014,8/31/2014,0.976373048,3453,13346,57,233900,3.9,3647,30,0.221714371,0.236026643
"Washington, DC",10/1/2015,10/31/2015,1.000107381,738,1753,16,539900,2.4,1044,30,0.329150029,0.358208955
"San Jose, CA",10/1/2013,10/31/2013,1.019614366,851,1100,16,599000,1.3,779,30,0.26,0.573443008
National,8/1/2016,8/31/2016,0.98180106,284377,847618,44,272000,3,303566,30,0.255129079,0.228293649
"San Francisco, CA",10/1/2016,10/31/2016,1.070513716,496,1109,22,1199000,2.2,565,30,0.185752931,0.657258065
"Washington, DC",2/1/2014,2/28/2014,0.991227442,510,1212,38,449000,2.4,655,30,0.190594059,0.278978389
"Seattle, WA",3/1/2014,3/31/2014,1.007186287,836,1266,13,419950,1.5,1091,30,0.262243286,0.40430622
"San Jose, CA",2/1/2018,2/28/2018,1.120545316,457,416,9,998000,0.9,653,30,0.076923077,0.873085339
"San Diego, CA",11/1/2013,11/30/2013,0.977606488,1148,3082,31,449000,2.7,1116,30,0.256002596,0.198606272
"Seattle, WA",9/1/2013,9/30/2013,0.999931146,890,2032,14,425000,2.3,1165,30,0.335629921,0.338202247
"Seattle, WA",1/1/2015,1/31/2015,0.999772702,515,952,27,435000,1.8,763,30,0.232142857,0.285436893
"Washington, DC",7/1/2014,7/31/2014,1.001588089,874,1536,14,469900,1.8,862,30,0.26953125,0.375286041
National,5/1/2013,5/31/2013,0.981689535,224853,711877,51,251900,3.2,278138,30,0.111902758,0.243614573
"San Francisco, CA",10/1/2015,10/31/2015,1.117117618,540,798,15,1149000,1.5,703,30,0.205513784,0.803703704
"Chicago, IL",2/1/2012,2/29/2012,0.950925893,1503,15238,119,193000,10.1,3593,30,0.190838693,0.223552894
National,6/1/2015,6/30/2015,0.979085388,293428,907540,46,267400,3.1,335890,30,0.231230579,0.224005511
"Seattle, WA",2/1/2018,2/28/2018,1.076184695,643,505,7,695000,0.8,806,30,0.174257426,0.653125
"San Francisco, CA",4/1/2015,4/30/2015,1.128718535,528,552,14,1099000,1,637,30,0.092391304,0.763257576
"San Francisco, CA",5/1/2017,5/31/2017,1.096719449,504,808,19,1100000,1.6,603,30,0.180693069,0.694444444
"Seattle, WA",8/1/2017,8/31/2017,1.052325717,1248,839,8,629150,0.7,1154,30,0.292014303,0.580722892
"Washington, DC",6/1/2016,6/30/2016,1.00126455,959,1528,15,552450,1.6,1020,30,0.285994764,0.373305527
"Los Angeles, CA",5/1/2017,5/31/2017,1.00348897,2757,7081,34,689950,2.6,3671,30,0.171585934,0.460645629
National,3/1/2014,3/31/2014,0.973309746,179287,737884,67,257400,4.1,269829,30,0.130780719,0.191871963
"San Jose, CA",2/1/2017,2/28/2017,1.031249615,490,667,21,800000,1.4,669,30,0.098950525,0.66122449
"San Francisco, CA",6/1/2017,6/30/2017,1.107922549,560,784,20,1150000,1.4,606,30,0.179846939,0.701785714
"San Jose, CA",1/1/2013,1/31/2013,1.025501389,520,585,15,546944,1.1,647,30,0.145299145,0.6
"San Jose, CA",8/1/2016,8/31/2016,1.018216985,822,1327,32,788500,1.6,862,30,0.243406179,0.599269184
"San Jose, CA",7/1/2015,7/31/2015,1.046981022,949,1171,15,749894,1.2,1085,30,0.172502135,0.749209694
"San Francisco, CA",7/1/2015,7/31/2015,1.131613135,526,578,15,1015000,1.1,589,30,0.110726644,0.8
"San Diego, CA",5/1/2012,5/31/2012,0.976719935,1525,3019,32,389900,2,1644,30,0.239483273,0.242622951
"Washington, DC",2/1/2013,2/28/2013,0.985462002,491,1161,43,450000,2.4,698,30,0.187769165,0.253061224
"San Jose, CA",1/1/2015,1/31/2015,1.01549111,470,629,32,674995,1.3,585,30,0.101748808,0.508510638
"Washington, DC",2/1/2016,2/29/2016,1.001814388,518,1306,34,549000,2.5,795,30,0.209035222,0.32046332
"Chicago, IL",5/1/2015,5/31/2015,0.982157458,3234,13577,58,269900,4.2,4657,30,0.186933785,0.25974026
"San Francisco, CA",4/1/2012,4/30/2012,1.020251938,552,966,18,714000,1.8,638,30,0.14699793,0.47826087
"Los Angeles, CA",8/1/2016,8/31/2016,0.999415974,2689,7689,32,619000,2.9,3685,30,0.213291715,0.402751952
"Washington, DC",11/1/2016,11/30/2016,0.996939369,737,1559,17,524000,2.1,745,30,0.237331623,0.352781547
"San Diego, CA",2/1/2017,2/28/2017,0.985037757,1000,1878,25,553950,1.9,1356,30,0.192758253,0.248
"San Francisco, CA",2/1/2018,2/28/2018,1.088558606,313,637,17,1295000,2,535,30,0.095761381,0.693290735
"Los Angeles, CA",4/1/2017,4/30/2017,1.004753316,2319,6933,34,689949.5,3,3332,30,0.148564835,0.45105649
"San Jose, CA",3/1/2018,3/31/2018,1.12968406,678,376,9,977777.5,0.6,832,30,0.135638298,0.861356932
"Los Angeles, CA",8/1/2015,8/31/2015,1.000271291,2576,6535,23,580000,2.5,3332,30,0.231522571,0.402950311
"Chicago, IL",5/1/2017,5/31/2017,0.987599614,3069,12166,52,295000,4,4259,30,0.194887391,0.276637341
"San Jose, CA",7/1/2013,7/31/2013,1.044483335,907,1350,12,599950,1.5,1173,30,0.204444444,0.733186329
"Seattle, WA",4/1/2014,4/30/2014,1.014749327,968,1337,10,443995,1.4,1230,30,0.267015707,0.453512397
"Chicago, IL",10/1/2015,10/31/2015,0.975828839,2996,12593,68,239900,4.2,3171,30,0.217978242,0.227970628
"Chicago, IL",5/1/2016,5/31/2016,0.983280536,3230,12702,56,284900,3.9,4769,30,0.179499291,0.269040248
"San Diego, CA",10/1/2015,10/31/2015,0.978363314,1308,3016,31,510000,2.3,1420,30,0.296419098,0.178270849
"Boston, MA",1/1/2017,1/31/2017,0.991963137,367,669,30,649000,1.8,444,30,0.20328849,0.340599455
"Chicago, IL",3/1/2013,3/31/2013,0.971556655,1970,12327,95,224000,6.3,3799,30,0.145290825,0.275774505
"Seattle, WA",9/1/2016,9/30/2016,1.020896664,1184,1363,9,584995,1.2,1385,30,0.294937638,0.429898649
"San Francisco, CA",12/1/2015,12/31/2015,1.074801282,502,317,20,998900,0.6,148,30,0.09148265,0.677290837
"Seattle, WA",12/1/2017,12/31/2017,1.025305934,873,383,10,650000,0.4,358,30,0.15926893,0.445852535
"San Diego, CA",6/1/2014,6/30/2014,0.979972013,1419,3608,23,515000,2.5,1915,30,0.298226164,0.202959831
"San Francisco, CA",12/1/2017,12/31/2017,1.076915197,419,365,32,1171500,0.9,134,30,0.076712329,0.629186603
"Washington, DC",6/1/2012,6/30/2012,0.987831626,755,1803,24,425000,2.4,837,30,0.217415419,0.237400531
"Washington, DC",7/1/2017,7/31/2017,1.002857074,937,1613,14,524555,1.7,864,30,0.269683819,0.399146211
"Los Angeles, CA",8/1/2013,8/31/2013,1.007033119,3113,5782,17,495000,1.9,3541,30,0.269975787,0.482814006
"Washington, DC",11/1/2013,11/30/2013,0.997880192,615,1491,17,439700,2.4,670,30,0.244802146,0.312195122
"San Francisco, CA",11/1/2012,11/30/2012,1.048754509,568,738,17,799000,1.3,415,30,0.170731707,0.616197183
"San Diego, CA",1/1/2013,1/31/2013,0.98895556,1046,1983,22,415444,1.9,1455,30,0.216843167,0.326959847
"Washington, DC",3/1/2018,3/31/2018,1.000155764,888,1627,29,586500,1.8,1170,30,0.202212661,0.333333333
"San Diego, CA",12/1/2012,12/31/2012,0.988617233,1464,1954,25,385000,1.3,879,30,0.178607984,0.322624744
"San Jose, CA",1/1/2018,1/31/2018,1.096163984,376,324,11,942500,0.9,542,30,0.052469136,0.829787234
"Seattle, WA",11/1/2014,11/30/2014,0.997119586,794,1280,19,449950,1.6,593,30,0.2765625,0.278688525
"San Diego, CA",8/1/2017,8/31/2017,0.987985137,1520,2434,16,580000,1.6,1682,30,0.300739523,0.323026316
"San Francisco, CA",6/1/2015,6/30/2015,1.126741461,559,561,14,1057113,1,604,30,0.144385027,0.783542039
"Washington, DC",5/1/2012,5/31/2012,0.987284226,683,1807,28,434500,2.6,875,30,0.236856669,0.231332357
National,7/1/2014,7/31/2014,0.979368079,245727,865030,46,253300,3.5,285194,30,0.174544235,0.198636953
"Los Angeles, CA",2/1/2015,2/28/2015,0.988552055,1783,5693,39,569000,3.2,2984,30,0.192341472,0.298373528
"San Diego, CA",10/1/2013,10/31/2013,0.983214642,1384,3347,27,444950,2.4,1558,30,0.294592172,0.25650289
"Washington, DC",5/1/2015,5/31/2015,1.004026913,782,1495,12,530000,1.9,1083,30,0.248829431,0.418158568
"San Diego, CA",2/1/2016,2/29/2016,0.97648154,992,2462,32,549000,2.5,1608,30,0.204711617,0.175403226
"San Diego, CA",7/1/2014,7/31/2014,0.977421657,1465,3919,23,488488,2.7,1903,30,0.307731564,0.17337884
"Washington, DC",4/1/2015,4/30/2015,1.004990167,781,1440,15,549000,1.8,1191,30,0.221527778,0.404609475
"Washington, DC",6/1/2015,6/30/2015,1.005581485,926,1496,13,515000,1.6,1007,30,0.254010695,0.390928726
"San Diego, CA",10/1/2017,10/31/2017,0.986295056,1347,2217,22,585000,1.6,1342,30,0.276950834,0.262063846
"San Jose, CA",3/1/2017,3/31/2017,1.040099104,698,779,14,849000,1.1,933,30,0.148908858,0.719197708
"Washington, DC",9/1/2016,9/30/2016,0.9928688,775,1624,23,574555,2.1,1143,30,0.23091133,0.293281654
"San Jose, CA",8/1/2017,8/31/2017,1.054055437,876,571,15,844000,0.7,746,30,0.168126095,0.779680365
"San Francisco, CA",10/1/2012,10/31/2012,1.044269822,572,895,15,799000,1.6,637,30,0.186592179,0.631118881
"Washington, DC",12/1/2013,12/31/2013,0.993565731,706,1294,23,427600,1.8,434,30,0.193972179,0.297297297
"Washington, DC",9/1/2015,9/30/2015,0.998262156,533,1698,23,539000,3.2,1131,30,0.252650177,0.333958724
"Seattle, WA",11/1/2017,11/30/2017,1.028443776,998,639,9,647000,0.6,706,30,0.3114241,0.502004008
"Los Angeles, CA",7/1/2016,7/31/2016,0.999067026,2640,7418,29,619000,2.8,3557,30,0.214073874,0.411742424
"Los Angeles, CA",1/1/2016,1/31/2016,0.988324305,1817,5676,38,605000,3.1,2798,30,0.157681466,0.322687225
"Chicago, IL",4/1/2018,4/30/2018,0.984919666,2746,9876,55,324900,3.6,4168,30,0.206156339,0.246176256
"San Diego, CA",12/1/2017,12/31/2017,0.984651053,1145,1589,24,550000,1.4,717,30,0.174323474,0.256768559
"San Diego, CA",3/1/2016,3/31/2016,0.982291251,1385,2521,18,550000,1.8,1809,30,0.231654106,0.23465704
"Seattle, WA",1/1/2014,1/31/2014,0.990524075,550,1261,35,399950,2.3,821,30,0.249801745,0.276363636
"Los Angeles, CA",9/1/2017,9/30/2017,1.00142676,2451,7043,40,699000,2.9,3000,30,0.178617067,0.432884537
National,8/1/2015,8/31/2015,0.980568861,247787,899256,48,257400,3.6,290027,30,0.237566388,0.201804045
"Chicago, IL",12/1/2013,12/31/2013,0.984770275,2493,9810,67,174900,3.9,1985,30,0.152905199,0.285198556
"Boston, MA",10/1/2013,10/31/2013,0.994154078,492,2022,63,439000,4.1,684,30,0.173590504,0.32586558
"San Francisco, CA",2/1/2014,2/28/2014,1.077908795,400,486,14,899000,1.2,528,30,0.08436214,0.7175
"San Jose, CA",3/1/2014,3/31/2014,1.039878359,660,801,12,652525,1.2,904,30,0.154806492,0.681818182
"Washington, DC",3/1/2016,3/31/2016,0.996374157,691,1516,24,550000,2.2,1232,30,0.215039578,0.347826087
"Washington, DC",11/1/2014,11/30/2014,0.993435102,631,1435,20,482425,2.3,544,30,0.252961672,0.283676704
"San Jose, CA",10/1/2017,10/31/2017,1.076085632,727,455,11,899988,0.6,621,30,0.112087912,0.819807428
National,4/1/2016,4/30/2016,0.981174291,236865,830302,50,289300,3.5,350218,30,0.222020421,0.228157604
National,1/1/2012,1/31/2012,0.95876731,125436,773697,88,198800,6.2,190991,30,0.113114049,0.181106447
"San Jose, CA",1/1/2012,1/31/2012,0.990848559,635,1519,40,426500,2.4,885,30,0.243581303,0.333858268
"Washington, DC",4/1/2016,4/30/2016,1.000440971,800,1548,17,599000,1.9,1173,30,0.279715762,0.3675
"San Jose, CA",11/1/2013,11/30/2013,1.012096324,667,841,19,599000,1.3,529,30,0.186682521,0.539730135
"San Jose, CA",4/1/2017,4/30/2017,1.046716858,769,845,14,825000,1.1,876,30,0.170414201,0.752925878
"Washington, DC",4/1/2012,4/30/2012,0.980542274,532,1851,35,425000,3.5,871,30,0.215018909,0.234962406
"San Jose, CA",9/1/2015,9/30/2015,1.033192642,811,1268,21,765000,1.6,858,30,0.204258675,0.684340321
National,2/1/2012,2/29/2012,0.962424434,134532,778555,89,209300,5.8,202056,30,0.101214429,0.181953797
"San Diego, CA",12/1/2016,12/31/2016,0.979369424,1194,1856,28,530000,1.6,774,30,0.175646552,0.185929648
National,6/1/2014,6/30/2014,0.977828724,243305,836675,48,258400,3.4,293244,30,0.174885111,0.203724673
"San Jose, CA",9/1/2012,9/30/2012,1.023660038,745,933,14,529925,1.3,756,30,0.191854234,0.593288591
"San Jose, CA",11/1/2015,11/30/2015,1.022043096,589,859,29,726750,1.5,491,30,0.149010477,0.604414261
National,4/1/2012,4/30/2012,0.968200632,175229,793270,74,218900,4.5,234974,30,0.102784676,0.192688057
"San Jose, CA",8/1/2014,8/31/2014,1.019080476,811,1253,15,669000,1.5,874,30,0.249002394,0.593094945
"San Jose, CA",3/1/2015,3/31/2015,1.05043999,703,757,12,735000,1.1,1010,30,0.138705416,0.748221906
"Boston, MA",5/1/2017,5/31/2017,1.019803937,604,1003,8,639900,1.7,985,30,0.258225324,0.539735099
"San Francisco, CA",11/1/2014,11/30/2014,1.081829951,456,506,17,999000,1.1,313,30,0.171936759,0.721491228
"Seattle, WA",5/1/2014,5/31/2014,1.014461356,1045,1496,8,440000,1.4,1415,30,0.277406417,0.440191388
"Chicago, IL",4/1/2017,4/30/2017,0.982438184,2547,11806,58,299900,4.6,3880,30,0.163645604,0.259128386
"Seattle, WA",7/1/2014,7/31/2014,1.008749598,1063,1763,9,439000,1.7,1242,30,0.277368123,0.399811853
"Chicago, IL",10/1/2014,10/31/2014,0.97509312,3111,13155,62,214250,4.2,3383,30,0.243937666,0.236258438
"Washington, DC",12/1/2016,12/31/2016,0.99430833,721,1337,20,499900,1.9,536,30,0.178010471,0.305131761
"Los Angeles, CA",11/1/2014,11/30/2014,0.989340596,2041,6347,34,506000,3.1,2272,30,0.212698913,0.31700147
"San Diego, CA",5/1/2017,5/31/2017,0.992392189,1562,2263,13,599444,1.4,1896,30,0.265134777,0.355953905
"Boston, MA",12/1/2016,12/31/2016,0.995165567,555,697,18,599000,1.3,213,30,0.150645624,0.365765766
"San Diego, CA",5/1/2013,5/31/2013,0.998628025,1658,2470,14,475000,1.5,2046,30,0.191902834,0.382991556
National,6/1/2016,6/30/2016,0.984426468,301243,858410,42,284500,2.8,343968,30,0.25100593,0.244406614
National,7/1/2012,7/31/2012,0.97139339,194564,765495,62,213600,3.9,210648,30,0.111518691,0.211373289
National,7/1/2015,7/31/2015,0.98068015,303034,912076,47,262800,3,323710,30,0.241018292,0.216137166
"Washington, DC",10/1/2014,10/31/2014,0.994210422,787,1693,16,499000,2.2,926,30,0.301831069,0.315521628
National,5/1/2014,5/31/2014,0.966087482,228532,809993,52,264900,3.5,311570,30,0.177690424,0.203816201
National,8/1/2012,8/31/2012,0.970669403,209469,741949,64,210000,3.5,208488,30,0.115563199,0.210466862
"Washington, DC",1/1/2016,1/31/2016,0.984421131,520,1340,35,490000,2.6,700,30,0.181343284,0.250481696
"Washington, DC",12/1/2012,12/31/2012,0.985979942,660,1182,30,399277.5,1.8,355,30,0.164974619,0.263636364
"Washington, DC",1/1/2017,1/31/2017,0.991638906,660,1351,31,549000,2,765,30,0.186528497,0.300455235
"Washington, DC",7/1/2015,7/31/2015,1.002393267,1046,1497,15,499000,1.4,906,30,0.261857047,0.362332696
"Washington, DC",10/1/2013,10/31/2013,1.000994837,719,1590,18,469900,2.2,974,30,0.27672956,0.342141864
"Washington, DC",4/1/2018,4/30/2018,1.006055756,822,1811,26,599900,2.2,1254,30,0.208724462,0.441605839
National,12/1/2017,12/31/2017,0.978526967,223753,597193,49,273100,2.7,151179,30,0.146823556,0.203740087
"Washington, DC",2/1/2017,2/28/2017,0.993649378,533,1429,35,549000,2.7,940,30,0.230230931,0.305816135
"Los Angeles, CA",4/1/2015,4/30/2015,0.997546956,2658,5871,23,599000,2.2,3468,30,0.205075796,0.380880693
National,7/1/2017,7/31/2017,0.986347111,265431,786538,38,292000,3,309276,30,0.249924352,0.263699341
"San Diego, CA",4/1/2012,4/30/2012,0.975859111,1382,3244,37,379000,2.3,1628,30,0.231812577,0.239507959
National,6/1/2013,6/30/2013,0.977468078,226092,728681,49,247700,3.2,258316,30,0.112961639,0.245857519
"San Jose, CA",5/1/2012,5/31/2012,1.011118709,1063,1067,17,499994.5,1,1013,30,0.209934396,0.519285042
"San Diego, CA",9/1/2015,9/30/2015,0.9792816,1353,3273,26,499900,2.4,1477,30,0.294836541,0.179600887
"Washington, DC",3/1/2014,3/31/2014,0.99492255,607,1233,24,499000,2,879,30,0.189781022,0.309719934
"Seattle, WA",12/1/2012,12/31/2012,0.986057385,700,1299,31,329967,1.9,349,30,0.141647421,0.267142857
National,3/1/2017,3/31/2017,0.980041829,239321,722000,51,303700,3,344059,30,0.217844875,0.222585444
"Washington, DC",10/1/2012,10/31/2012,0.984760487,561,1578,26,439000,2.8,721,30,0.242712294,0.247311828
"Seattle, WA",4/1/2017,4/30/2017,1.071382168,933,698,7,599950,0.7,1149,30,0.140401146,0.651287554
"Washington, DC",1/1/2013,1/31/2013,0.989588941,531,1122,37,457450,2.1,632,30,0.212121212,0.274952919
National,2/1/2017,2/28/2017,0.979001597,166490,689803,60,292000,4.1,257774,30,0.189125011,0.196389753
"San Jose, CA",1/1/2017,1/31/2017,1.012475271,459,608,41,769000,1.3,556,30,0.100328947,0.509803922
"Washington, DC",5/1/2013,5/31/2013,1.004998116,735,1355,12,519000,1.8,1116,30,0.223616236,0.412244898
National,7/1/2016,7/31/2016,0.984426736,265739,866512,42,278300,3.3,311487,30,0.243764656,0.241081031
"San Francisco, CA",2/1/2013,2/28/2013,1.056942779,350,561,15,849000,1.6,523,30,0.094474153,0.602857143
"Chicago, IL",8/1/2013,8/31/2013,0.987333937,3397,12715,65,215000,3.7,3898,30,0.185214314,0.297966401
"San Jose, CA",4/1/2013,4/30/2013,1.054806465,830,804,11,635000,1,1026,30,0.139303483,0.724096386
"San Francisco, CA",1/1/2018,1/31/2018,1.058791496,257,542,37,1275000,2.1,488,30,0.070110701,0.494163424
"Washington, DC",8/1/2013,8/31/2013,1.000968996,810,1337,14,419500,1.7,729,30,0.241585639,0.379950495
"San Diego, CA",2/1/2014,2/28/2014,0.979152504,1003,2913,34,479000,2.9,1531,30,0.195674562,0.204386839
"San Jose, CA",6/1/2013,6/30/2013,1.053614579,908,1114,12,615000,1.2,1077,30,0.173249551,0.753303965
"San Jose, CA",9/1/2017,9/30/2017,1.056696689,754,509,13,899000,0.7,690,30,0.137524558,0.767904509
"San Jose, CA",10/1/2014,10/31/2014,1.01185245,833,1253,19,672444,1.5,780,30,0.212290503,0.545018007
"San Jose, CA",4/1/2018,4/30/2018,1.131159803,814,530,9,998250,0.7,932,30,0.124528302,0.882063882
"San Jose, CA",5/1/2013,5/31/2013,1.058622956,924,923,11,629000,1,1127,30,0.151679307,0.755411255
National,3/1/2015,3/31/2015,0.971839009,210924,803523,67,270100,3.8,310316,30,0.177060271,0.190656605
"San Jose, CA",12/1/2012,12/31/2012,1.028609415,780,532,13,522500,0.7,392,30,0.118421053,0.611538462
National,5/1/2017,5/31/2017,0.987001168,282621,769130,38,304600,2.7,357326,30,0.230845241,0.264139811
National,1/1/2015,1/31/2015,0.967950209,142787,769100,74,244100,5.4,244082,30,0.161726694,0.161951442
"Washington, DC",3/1/2015,3/31/2015,0.994888543,613,1296,20,524900,2.1,1005,30,0.195987654,0.336052202
"San Jose, CA",11/1/2014,11/30/2014,1.014443915,660,929,29,685000,1.4,452,30,0.171151776,0.525757576
"Washington, DC",8/1/2012,8/31/2012,0.990545414,716,1547,27,399900,2.2,626,30,0.211376858,0.293296089
"Washington, DC",4/1/2014,4/30/2014,0.999120214,696,1316,16,514900,1.9,1059,30,0.23556231,0.341007194
"San Jose, CA",2/1/2013,2/28/2013,1.039102755,565,655,13,598000,1.2,760,30,0.126717557,0.647787611
"San Francisco, CA",7/1/2017,7/31/2017,1.107668593,477,753,22,1188000,1.6,482,30,0.135458167,0.710691824
"Washington, DC",8/1/2016,8/31/2016,0.995095066,828,1357,17,469500,1.6,706,30,0.232866618,0.355501814
"San Francisco, CA",10/1/2013,10/31/2013,1.073114043,652,794,15,875000,1.2,672,30,0.231738035,0.720430108
"Seattle, WA",11/1/2016,11/30/2016,1.015913076,1042,795,11,575000,0.8,626,30,0.298113208,0.404990403
National,8/1/2017,8/31/2017,0.984834552,283864,772264,39,287900,2.7,305401,30,0.265832669,0.248623785
"Washington, DC",3/1/2012,3/31/2012,0.974906402,569,1899,50,449900,3.3,994,30,0.218536072,0.202108963
"Seattle, WA",3/1/2017,3/31/2017,1.058717757,968,643,8,610943,0.7,1214,30,0.166407465,0.60910031
"San Jose, CA",4/1/2015,4/30/2015,1.06222325,921,813,11,729000,0.9,1023,30,0.158671587,0.776330076
"Seattle, WA",6/1/2014,6/30/2014,1.014530422,1082,1598,8,465000,1.5,1283,30,0.306007509,0.431608133
"San Jose, CA",3/1/2012,3/31/2012,0.9973407,882,1268,24,483800,1.4,987,30,0.200315457,0.39954597
"San Jose, CA",7/1/2016,7/31/2016,1.024038147,754,1422,28,769949,1.9,930,30,0.20464135,0.660477454
National,5/1/2015,5/31/2015,0.978695234,248656,898945,50,273600,3.6,341430,30,0.211852783,0.217738612
"San Jose, CA",6/1/2014,6/30/2014,1.035464599,870,1087,12,675000,1.2,975,30,0.207911684,0.683908046
"San Jose, CA",9/1/2016,9/30/2016,1.016447415,811,1309,31,799000,1.6,830,30,0.226126814,0.59432799
"Washington, DC",12/1/2017,12/31/2017,0.994718413,788,1350,27,475000,1.7,489,30,0.183703704,0.319796954
"Chicago, IL",8/1/2016,8/31/2016,0.982958997,3612,12670,61,259900,3.5,3899,30,0.215153907,0.269379845
"Chicago, IL",2/1/2016,2/29/2016,0.971018736,1871,10955,84,283450,5.9,4123,30,0.147056139,0.2202031
"Boston, MA",12/1/2012,12/31/2012,0.976360242,549,1302,87,409950,2.4,197,30,0.065284178,0.224043716
"Boston, MA",7/1/2017,7/31/2017,1.015856053,676,1025,9,625000,1.5,633,30,0.259512195,0.50739645
"Chicago, IL",7/1/2015,7/31/2015,0.97962622,3919,13699,62,255950,3.5,4269,30,0.220965034,0.233733095
"Boston, MA",6/1/2012,6/30/2012,0.974566154,803,2850,86,419000,3.5,705,30,0.137192982,0.158156912
"Boston, MA",8/1/2013,8/31/2013,1.00205766,854,1869,71,440000,2.2,507,30,0.104333868,0.405152225
"Los Angeles, CA",8/1/2014,8/31/2014,0.993432843,2465,6985,24,529500,2.8,3143,30,0.268718683,0.339285714
"San Diego, CA",1/1/2012,1/31/2012,0.967141368,951,3774,59,349900,4,1583,30,0.277954425,0.196635121
"Los Angeles, CA",5/1/2013,5/31/2013,1.009630573,3024,4619,15,499000,1.5,3521,30,0.212816627,0.487925901
"San Diego, CA",1/1/2014,1/31/2014,0.97321076,984,2826,40,459000,2.9,1595,30,0.223991507,0.18495935
"San Francisco, CA",11/1/2013,11/30/2013,1.069056461,562,569,16,849000,1,391,30,0.149384886,0.695729537
"San Jose, CA",6/1/2015,6/30/2015,1.061758513,937,1062,11,749000,1.1,1027,30,0.173258004,0.799359658
"Washington, DC",3/1/2013,3/31/2013,0.995500836,631,1154,26,477000,1.8,823,30,0.189774697,0.319047619
National,3/1/2013,3/31/2013,0.963297181,180652,660117,67,240400,3.7,238871,30,0.091924613,0.224733381
"Washington, DC",1/1/2012,1/31/2012,0.973654723,448,1809,58,399900,4,656,30,0.206744057,0.167410714
"Seattle, WA",4/1/2013,4/30/2013,1.007950273,950,1386,9,400000,1.5,1225,30,0.241702742,0.409473684
National,1/1/2016,1/31/2016,0.971792827,160600,745719,66,267100,4.6,231682,30,0.189536541,0.178961636
"Washington, DC",6/1/2014,6/30/2014,0.999936969,902,1492,11,474999.5,1.7,1049,30,0.276809651,0.396895787
"San Francisco, CA",1/1/2013,1/31/2013,1.033309835,342,508,24,799000,1.5,474,30,0.114173228,0.51754386
"San Jose, CA",5/1/2014,5/31/2014,1.040685297,904,1023,12,675000,1.1,1122,30,0.194525904,0.725663717
"Seattle, WA",7/1/2015,7/31/2015,1.032967485,1317,1079,8,474975,0.8,1206,30,0.230769231,0.486712225
"Chicago, IL",12/1/2017,12/31/2017,0.975010861,2136,8050,73,224900,3.8,1339,30,0.127204969,0.21488764
National,12/1/2013,12/31/2013,0.973117607,179393,646579,63,216300,3.6,125329,30,0.099183549,0.189076337
National,5/1/2016,5/31/2016,0.984321891,265748,842970,44,288000,3.2,341645,30,0.230663013,0.242091705
"San Diego, CA",9/1/2017,9/30/2017,0.990542678,1353,2317,19,569000,1.7,1395,30,0.302546396,0.303769401
"Washington, DC",10/1/2016,10/31/2016,0.997402098,694,1593,20,551000,2.3,928,30,0.269303202,0.33573487
"San Diego, CA",2/1/2013,2/28/2013,0.994358401,1103,1971,23,444900,1.8,1485,30,0.182141045,0.349954669
"Washington, DC",9/1/2012,9/30/2012,0.985192232,583,1691,28,450000,2.9,926,30,0.234180958,0.266323024
"San Jose, CA",11/1/2012,11/30/2012,1.028725261,801,688,14,525000,0.9,581,30,0.186046512,0.601747815
National,2/1/2016,2/29/2016,0.972421466,166835,769565,69,276900,4.6,270910,30,0.178461858,0.184797761
National,9/1/2015,9/30/2015,0.97873062,218762,887242,50,266800,4.1,274319,30,0.2453378,0.193344343
"Washington, DC",11/1/2015,11/30/2015,0.997072128,634,1532,19,499500,2.4,645,30,0.281984334,0.3507109
"San Diego, CA",7/1/2012,7/31/2012,0.98179554,1417,3019,28,385000,2.1,1624,30,0.237164624,0.268877911
National,4/1/2018,4/30/2018,0.988101244,243860,677535,36,328800,2.8,342777,30,0.22299955,0.26247013
"Chicago, IL",7/1/2012,7/31/2012,0.96301644,2563,15025,87,179950,5.9,3457,30,0.201131448,0.230979321
"Seattle, WA",12/1/2014,12/31/2014,0.995674365,826,1005,23,429000,1.2,379,30,0.1960199,0.303874092
"Washington, DC",12/1/2014,12/31/2014,0.992973875,718,1218,25,439499.5,1.7,436,30,0.205254516,0.296657382
National,8/1/2013,8/31/2013,0.97940587,235068,744974,50,238100,3.2,246599,30,0.134815443,0.23261627
National,11/1/2017,11/30/2017,0.979120013,222054,677201,46,287000,3,212089,30,0.213867079,0.215783348
"Seattle, WA",4/1/2012,4/30/2012,0.984778542,787,2006,31,389950,2.5,1048,30,0.260717846,0.27064803
"San Diego, CA",3/1/2013,3/31/2013,0.993861124,1501,2050,16,459900,1.4,1770,30,0.176585366,0.340439707
"San Francisco, CA",1/1/2012,1/31/2012,0.986438388,307,905,56,699000,2.9,531,30,0.159116022,0.28990228
"Washington, DC",5/1/2014,5/31/2014,1.001813089,760,1379,13,499900,1.8,1130,30,0.269760696,0.395256917
"Washington, DC",1/1/2014,1/31/2014,0.986484391,540,1238,33,449000,2.3,635,30,0.233441034,0.248148148
"San Jose, CA",4/1/2012,4/30/2012,1.001144087,879,1136,20,479000,1.3,884,30,0.155809859,0.44254835
"San Diego, CA",10/1/2014,10/31/2014,0.972143175,1288,3597,40,479450,2.8,1438,30,0.333333333,0.145962733
"Seattle, WA",10/1/2016,10/31/2016,1.020926569,1096,1099,10,569990,1,932,30,0.335759782,0.445255474
"Seattle, WA",11/1/2013,11/30/2013,0.993751145,768,1528,17,389925,2,600,30,0.294502618,0.282552083
"San Jose, CA",11/1/2017,11/30/2017,1.078601543,647,326,11,890000,0.5,451,30,0.125766871,0.808346213
"San Jose, CA",2/1/2015,2/28/2015,1.031343085,478,667,14,700000,1.4,746,30,0.106446777,0.642259414
National,12/1/2014,12/31/2014,0.97176138,203389,734176,66,225700,3.6,145724,30,0.129039903,0.163801334
"San Jose, CA",10/1/2015,10/31/2015,1.026269033,729,1164,26,725000,1.6,760,30,0.23024055,0.625514403
"San Francisco, CA",2/1/2012,2/29/2012,0.999676953,402,925,47,749000,2.3,563,30,0.161081081,0.373134328
"San Diego, CA",7/1/2013,7/31/2013,0.995839283,1662,3194,15,465000,1.9,2058,30,0.275516594,0.374247894
"San Jose, CA",5/1/2015,5/31/2015,1.064432678,903,964,11,765000,1.1,1073,30,0.145228216,0.793791574
National,12/1/2012,12/31/2012,0.967831773,169811,607280,68,195700,3.6,117079,30,0.071548544,0.213055958
"San Francisco, CA",4/1/2018,4/30/2018,1.133377097,485,706,15,1298500,1.5,628,30,0.113314448,0.731958763
"San Jose, CA",5/1/2016,5/31/2016,1.041809917,857,1270,16,808000,1.5,1079,30,0.176377953,0.756126021
"Washington, DC",5/1/2017,5/31/2017,1.006752346,986,1647,11,569700,1.7,1189,30,0.282331512,0.429441624
"Seattle, WA",1/1/2017,1/31/2017,1.018591921,640,578,16,599999,0.9,728,30,0.174740484,0.3921875
"San Jose, CA",8/1/2012,8/31/2012,1.017148603,875,986,15,499950,1.1,854,30,0.221095335,0.554285714
"San Francisco, CA",5/1/2016,5/31/2016,1.100498242,484,834,15,1195000,1.7,658,30,0.207434053,0.729338843
"San Jose, CA",7/1/2012,7/31/2012,1.020071767,854,1023,14,524975,1.2,843,30,0.193548387,0.572599532
"Chicago, IL",3/1/2014,3/31/2014,0.978248129,1917,11067,75,255000,5.8,4141,30,0.180084937,0.278038602
"Seattle, WA",5/1/2015,5/31/2015,1.036981234,1145,1095,7,495000,1,1396,30,0.197260274,0.561572052
"Chicago, IL",6/1/2017,6/30/2017,0.986732492,3451,12001,52,299900,3.5,3945,30,0.20931589,0.288901768
"Los Angeles, CA",6/1/2016,6/30/2016,1.001403962,2846,6886,29,650000,2.4,3692,30,0.219285507,0.420590302
"Chicago, IL",10/1/2013,10/31/2013,0.982256116,3454,12503,66,200000,3.6,3384,30,0.206830361,0.277150304
"Los Angeles, CA",10/1/2015,10/31/2015,0.996878915,2541,6407,26,615000,2.5,3115,30,0.24551272,0.364566929
"San Francisco, CA",4/1/2016,4/30/2016,1.088693801,452,829,16,1125000,1.8,695,30,0.172496984,0.685840708
"Los Angeles, CA",3/1/2016,3/31/2016,0.998891506,2448,6080,31,625000,2.5,3517,30,0.191940789,0.388798038
"Los Angeles, CA",4/1/2016,4/30/2016,0.999117575,2442,6306,29,645500,2.6,3447,30,0.183158896,0.409090909
"Chicago, IL",2/1/2015,2/28/2015,0.967031245,1752,11372,91,270000,6.5,3519,30,0.140344706,0.227739726
National,9/1/2014,9/30/2014,0.974185315,205516,858568,55,253000,4.2,249356,30,0.18796531,0.175088361
"San Jose, CA",10/1/2012,10/31/2012,1.020921034,844,871,14,523888,1,853,30,0.20206659,0.599526066
National,11/1/2013,11/30/2013,0.974561944,167495,706203,60,227200,4.2,164907,30,0.142580816,0.198647037
"San Francisco, CA",7/1/2016,7/31/2016,1.078292502,464,963,20,1095000,2.1,529,30,0.148494289,0.672413793
National,10/1/2016,10/31/2016,0.977845475,230073,808297,49,275200,3.5,248690,30,0.234240632,0.208930706
"San Diego, CA",9/1/2014,9/30/2014,0.973701113,1328,3821,36,475500,2.9,1516,30,0.3069877,0.142319277
"San Diego, CA",3/1/2018,3/31/2018,0.991057513,1216,2077,14,644000,1.7,1727,30,0.276841598,0.337993421
National,6/1/2017,6/30/2017,0.986765356,310539,788266,37,297500,2.5,349625,30,0.245391784,0.271603544
National,11/1/2015,11/30/2015,0.973479242,182535,817949,56,251600,4.5,202466,30,0.198019681,0.190618789
National,8/1/2014,8/31/2014,0.978158741,238708,859468,50,247800,3.6,255804,30,0.172751051,0.183573415
"Washington, DC",6/1/2017,6/30/2017,1.006171139,942,1765,14,575000,1.9,1262,30,0.288385269,0.403397028
National,2/1/2014,2/28/2014,0.97202973,141686,709465,73,249300,5,215445,30,0.124261239,0.184713304
"Chicago, IL",9/1/2014,9/30/2014,0.977071388,2286,13550,61,249900,5.9,3878,30,0.242435424,0.236657918
"Seattle, WA",10/1/2015,10/31/2015,1.022876048,1040,1127,8,499500,1.1,963,30,0.301685892,0.469682387
"San Francisco, CA",9/1/2014,9/30/2014,1.083439265,473,763,16,1009750,1.6,839,30,0.145478375,0.737843552
"San Jose, CA",12/1/2015,12/31/2015,1.02147761,785,539,35,699974.5,0.7,314,30,0.13729128,0.597452229
"San Jose, CA",2/1/2012,2/29/2012,0.990196054,659,1396,29,460000,2.1,867,30,0.228510029,0.350531108
"San Jose, CA",12/1/2016,12/31/2016,1.011145994,649,543,40,778000,0.8,237,30,0.119705341,0.533950617
"San Diego, CA",4/1/2013,4/30/2013,0.997674112,1443,2185,14,456700,1.5,1843,30,0.180320366,0.410131853
"Los Angeles, CA",3/1/2012,3/31/2012,0.976344335,2699,8749,62,350000,3.2,3382,30,0.217281975,0.271312083
"Boston, MA",4/1/2014,4/30/2014,0.998355177,508,2171,62,499000,4.3,987,30,0.100414556,0.383858268
"Washington, DC",12/1/2015,12/31/2015,0.997074532,818,1293,23,489000,1.6,495,30,0.201856148,0.321515892
"Chicago, IL",6/1/2012,6/30/2012,0.964299965,2701,15236,91,180000,5.6,3489,30,0.197033342,0.222880415
"San Jose, CA",3/1/2013,3/31/2013,1.054826812,762,656,11,599919,0.9,908,30,0.143292683,0.712598425
"Washington, DC",2/1/2012,2/29/2012,0.973383602,435,1784,64,399999,4.1,683,30,0.195067265,0.168202765
"San Diego, CA",3/1/2014,3/31/2014,0.979649389,1235,3080,23,489000,2.5,1847,30,0.235064935,0.233198381
"Washington, DC",2/1/2015,2/28/2015,0.991363952,492,1179,39,512500,2.4,712,30,0.185750636,0.278455285
National,11/1/2016,11/30/2016,0.977322113,218605,751985,51,267800,3.4,205859,30,0.215377966,0.203756251
"Boston, MA",3/1/2017,3/31/2017,1.003131152,493,820,16,629900,1.7,855,30,0.174390244,0.39959432
"Boston, MA",5/1/2015,5/31/2015,1.013069602,578,1115,8,549900,1.9,973,30,0.22690583,0.515570934
"Boston, MA",1/1/2013,1/31/2013,0.982983791,353,1360,99,445000,3.9,526,30,0.084558824,0.212464589
"Seattle, WA",8/1/2015,8/31/2015,1.028718722,1126,1133,9,495000,1,1149,30,0.228596646,0.469804618
"Boston, MA",10/1/2014,10/31/2014,0.993563134,524,1831,60,499900,3.5,682,30,0.21463681,0.335877863
"Chicago, IL",10/1/2016,10/31/2016,0.980495775,2598,12332,65,249900,4.7,3087,30,0.211401233,0.247498075
"San Jose, CA",5/1/2017,5/31/2017,1.045590004,884,841,14,859999,1,949,30,0.196195006,0.752262443
National,3/1/2016,3/31/2016,0.980014089,223589,799797,61,286200,3.6,340160,30,0.215612212,0.210716423
"Seattle, WA",10/1/2017,10/31/2017,1.039822863,1079,925,8,650000,0.9,1034,30,0.278918919,0.55204461
"San Francisco, CA",7/1/2012,7/31/2012,1.031513545,527,776,18,739000,1.5,546,30,0.121134021,0.525616698
"Washington, DC",7/1/2012,7/31/2012,0.990970267,727,1677,25,399999,2.3,683,30,0.234347048,0.261348006
"Washington, DC",7/1/2016,7/31/2016,1.000387395,821,1487,16,545000,1.8,873,30,0.247478144,0.371498173
"Seattle, WA",2/1/2017,2/28/2017,1.039517436,649,552,8,612000,0.9,793,30,0.182971014,0.54853621
"Washington, DC",4/1/2013,4/30/2013,1.001294209,691,1254,13,469000,1.8,1046,30,0.229665072,0.353111433
"Seattle, WA",3/1/2013,3/31/2013,1.002526525,819,1289,13,399000,1.6,1100,30,0.24515128,0.363858364
"San Jose, CA",12/1/2013,12/31/2013,1.012151712,775,602,22,599000,0.8,344,30,0.139534884,0.522580645
"Seattle, WA",7/1/2012,7/31/2012,0.991698845,841,2003,21,375000,2.4,920,30,0.266100849,0.2960761
"San Francisco, CA",9/1/2012,9/30/2012,1.048830261,424,970,16,817500,2.3,818,30,0.122680412,0.591981132
"San Diego, CA",12/1/2015,12/31/2015,0.974906117,1423,2261,35,499000,1.6,795,30,0.155683326,0.173699015
National,10/1/2014,10/31/2014,0.973850246,220117,854050,60,246900,3.9,244521,30,0.207417599,0.173483769
"Seattle, WA",12/1/2015,12/31/2015,1.013536369,893,664,12,500000,0.7,397,30,0.134036145,0.417693169
"San Jose, CA",10/1/2016,10/31/2016,1.013163685,751,1169,34,779444,1.6,704,30,0.22754491,0.573901465
"San Jose, CA",6/1/2016,6/30/2016,1.033373861,925,1327,20,799919,1.4,936,30,0.216277317,0.718918919
"San Francisco, CA",10/1/2014,10/31/2014,1.094740041,629,776,15,995000,1.2,682,30,0.202319588,0.750397456
"San Jose, CA",9/1/2014,9/30/2014,1.019156092,781,1361,16,688000,1.7,883,30,0.235855988,0.587708067
"Seattle, WA",5/1/2017,5/31/2017,1.078345717,1217,769,7,649000,0.6,1427,30,0.195058518,0.680361545
"San Francisco, CA",1/1/2016,1/31/2016,1.064342019,278,478,25,1099000,1.7,469,30,0.058577406,0.648550725
"Seattle, WA",8/1/2012,8/31/2012,0.992080028,889,1915,23,368500,2.2,865,30,0.285639687,0.278965129
"Washington, DC",9/1/2014,9/30/2014,0.997535813,595,1725,21,515000,2.9,1125,30,0.288695652,0.321008403
"San Jose, CA",6/1/2012,6/30/2012,1.018020493,973,1015,15,539000,1,879,30,0.197044335,0.543679342
"San Diego, CA",4/1/2017,4/30/2017,0.989173791,1321,2135,13,602500,1.6,1709,30,0.194847775,0.336866011
"Seattle, WA",1/1/2012,1/31/2012,0.969093262,454,2101,59,339000,4.6,654,30,0.286530224,0.162995595
"San Diego, CA",3/1/2015,3/31/2015,0.979144914,1352,2798,28,534000,2.1,1899,30,0.233380986,0.193047337
"San Francisco, CA",12/1/2012,12/31/2012,1.028928538,507,455,21,685000,0.9,182,30,0.112087912,0.520710059
National,2/1/2015,2/28/2015,0.972711308,149940,778155,74,266200,5.2,235536,30,0.146721412,0.173992036
"San Diego, CA",8/1/2015,8/31/2015,0.978785347,1453,3372,23,518000,2.3,1709,30,0.297449585,0.189263593
"Chicago, IL",3/1/2017,3/31/2017,0.980596793,2503,11445,68,305000,4.6,4336,30,0.179641765,0.259288853
"San Jose, CA",2/1/2014,2/28/2014,1.029995446,501,740,12,658400,1.5,774,30,0.136486486,0.652694611
"Washington, DC",3/1/2017,3/31/2017,1.000559859,845,1554,20,550000,1.8,1210,30,0.235521236,0.349112426
National,2/1/2013,2/28/2013,0.973010758,140862,645581,72,230800,4.6,205864,30,0.083969324,0.217793873
"San Jose, CA",8/1/2013,8/31/2013,1.029572964,934,1276,13,625000,1.4,994,30,0.257836991,0.650963597
"San Diego, CA",4/1/2016,4/30/2016,0.985452596,1528,2662,17,565000,1.7,1903,30,0.244928625,0.270287958
"San Francisco, CA",3/1/2016,3/31/2016,1.096146852,408,673,14,1159000,1.6,617,30,0.135215453,0.75
"San Jose, CA",8/1/2015,8/31/2015,1.041443969,867,1218,18,739000,1.4,926,30,0.206075534,0.725490196
"Washington, DC",8/1/2015,8/31/2015,1.001910412,768,1438,19,479900,1.9,737,30,0.245479833,0.360677083
National,3/1/2012,3/31/2012,0.962901107,172343,785043,85,219000,4.6,241861,30,0.109634759,0.188748505
"Washington, DC",11/1/2017,11/30/2017,1.002832535,801,1677,21,525000,2.1,808,30,0.266547406,0.368289638
"San Jose, CA",11/1/2016,11/30/2016,1.013037525,719,901,34,769950,1.3,471,30,0.190899001,0.552155772
"San Diego, CA",1/1/2015,1/31/2015,0.973781365,880,2741,46,499000,3.1,1410,30,0.217803721,0.143181818
National,12/1/2016,12/31/2016,0.977050183,226658,670568,55,255900,3,152549,30,0.151799668,0.193405204
"San Jose, CA",4/1/2016,4/30/2016,1.045557632,853,1077,16,799000,1.3,1001,30,0.166202414,0.762016413
"Seattle, WA",2/1/2015,2/28/2015,1.006882376,634,966,14,468888,1.5,865,30,0.207039337,0.345425868
"San Francisco, CA",1/1/2017,1/31/2017,1.037362156,260,628,53,1195000,2.4,457,30,0.060509554,0.488461538
National,10/1/2017,10/31/2017,0.980440239,239679,731144,44,292800,3.1,262004,30,0.256228595,0.223898371
National,5/1/2012,5/31/2012,0.971073264,201934,790849,66,222200,3.9,235594,30,0.108253282,0.204191857
"San Diego, CA",7/1/2017,7/31/2017,0.99100987,1453,2427,16,589900,1.7,1669,30,0.272352699,0.32071576
"San Diego, CA",2/1/2015,2/28/2015,0.974636696,1014,2742,45,520000,2.7,1567,30,0.219183078,0.166666667
